{
    "BasicAI": {
        "plays": 810,
        "wins": 303.5,
        "rate": 0.37469135802469133
    },
    "BigMoney": {
        "plays": 810,
        "wins": 317.5,
        "rate": 0.39197530864197533
    },
    "Big Smithy": {
        "plays": 826,
        "wins": 480,
        "rate": 0.5811138014527845
    },
    "BM Library": {
        "plays": 833,
        "wins": 423.5,
        "rate": 0.5084033613445378
    },
    "Chapel Witch": {
        "plays": 836,
        "wins": 602,
        "rate": 0.7200956937799043
    },
    "Double Militia": {
        "plays": 810,
        "wins": 417,
        "rate": 0.5148148148148148
    },
    "Double Witch": {
        "plays": 866,
        "wins": 647.5,
        "rate": 0.7476905311778291
    },
    "Moneylender Witch": {
        "plays": 821,
        "wins": 595,
        "rate": 0.7247259439707674
    },
    "SillyAI": {
        "plays": 810,
        "wins": 102,
        "rate": 0.1259259259259259
    },
    "Single Witch": {
        "plays": 829,
        "wins": 621,
        "rate": 0.7490952955367913
    },
    "First Game by michaeljb": {
        "plays": 770,
        "wins": 177,
        "rate": 0.22987012987012986
    },
    "Bureaucrat/Gardens": {
        "plays": 834,
        "wins": 553.5,
        "rate": 0.6636690647482014
    },
    "Burning Skull HTBD#1": {
        "plays": 800,
        "wins": 335.5,
        "rate": 0.419375
    },
    "Council Room/Militia": {
        "plays": 810,
        "wins": 367,
        "rate": 0.45308641975308644
    },
    "DomPlayer": {
        "plays": 810,
        "wins": 311.5,
        "rate": 0.3845679012345679
    },
    "Lab/Militia/Chapel": {
        "plays": 798,
        "wins": 376.5,
        "rate": 0.4718045112781955
    },
    "Festival": {
        "plays": 810,
        "wins": 323.5,
        "rate": 0.3993827160493827
    },
    "Council Room": {
        "plays": 854,
        "wins": 504.5,
        "rate": 0.5907494145199064
    },
    "Bureaucrat": {
        "plays": 810,
        "wins": 346,
        "rate": 0.4271604938271605
    },
    "Big Money Ultimate": {
        "plays": 810,
        "wins": 322,
        "rate": 0.39753086419753086
    },
    "WorkshopGardens": {
        "plays": 811,
        "wins": 539.5,
        "rate": 0.6652281134401973
    },
    "Basic Big Money": {
        "plays": 810,
        "wins": 143,
        "rate": 0.1765432098765432
    },
    "Big Money Ultimate for 3 or 4": {
        "plays": 810,
        "wins": 242,
        "rate": 0.29876543209876544
    },
    "Double Moat for 3 or 4": {
        "plays": 810,
        "wins": 246.5,
        "rate": 0.304320987654321
    },
    "Laboratory": {
        "plays": 812,
        "wins": 364,
        "rate": 0.4482758620689655
    },
    "Militia": {
        "plays": 816,
        "wins": 412,
        "rate": 0.5049019607843137
    },
    "Moat": {
        "plays": 822,
        "wins": 402.5,
        "rate": 0.48965936739659366
    },
    "Smithy": {
        "plays": 833,
        "wins": 482.5,
        "rate": 0.5792316926770709
    },
    "Witch": {
        "plays": 848,
        "wins": 640.5,
        "rate": 0.7553066037735849
    },
    "Witch and Moat for 3 or 4": {
        "plays": 810,
        "wins": 461,
        "rate": 0.5691358024691358
    },
    "Witch for 3 or 4": {
        "plays": 812,
        "wins": 564.5,
        "rate": 0.6951970443349754
    },
    "Artisan": {
        "plays": 810,
        "wins": 253,
        "rate": 0.31234567901234567
    },
    "Single Baron": {
        "plays": 811,
        "wins": 384.5,
        "rate": 0.47410604192355116
    },
    "OBM Bridge": {
        "plays": 814,
        "wins": 368.5,
        "rate": 0.4527027027027027
    },
    "Mining Council Militia": {
        "plays": 810,
        "wins": 202,
        "rate": 0.24938271604938272
    },
    "Courtyard": {
        "plays": 843,
        "wins": 570,
        "rate": 0.6761565836298933
    },
    "OBM Courtyard": {
        "plays": 833,
        "wins": 551.5,
        "rate": 0.6620648259303722
    },
    "Duke": {
        "plays": 810,
        "wins": 131.5,
        "rate": 0.16234567901234567
    },
    "StatsBot": {
        "plays": 810,
        "wins": 495,
        "rate": 0.6111111111111112
    },
    "Farm": {
        "plays": 430,
        "wins": 208,
        "rate": 0.48372093023255813
    },
    "Ironworks": {
        "plays": 430,
        "wins": 194.5,
        "rate": 0.45232558139534884
    },
    "Ironworks/Gardens (Paper)": {
        "plays": 430,
        "wins": 149.5,
        "rate": 0.34767441860465115
    },
    "Ironworks/Gardens (Rock)": {
        "plays": 430,
        "wins": 361.5,
        "rate": 0.8406976744186047
    },
    "Ironworks/Gardens (Scissors)": {
        "plays": 430,
        "wins": 348,
        "rate": 0.8093023255813954
    }
}