{
  "BasicAI": {
    "plays": 3100,
    "wins": 1099.5,
    "rate": 0.3546774193548387
  },
  "BigMoney": {
    "plays": 3100,
    "wins": 1089.5,
    "rate": 0.3514516129032258
  },
  "Big Smithy": {
    "plays": 3100,
    "wins": 1715,
    "rate": 0.5532258064516129
  },
  "BM Library": {
    "plays": 3100,
    "wins": 1681,
    "rate": 0.542258064516129
  },
  "Chapel Witch": {
    "plays": 3100,
    "wins": 2278.5,
    "rate": 0.735
  },
  "Double Militia": {
    "plays": 3100,
    "wins": 1491.5,
    "rate": 0.4811290322580645
  },
  "Double Witch": {
    "plays": 3100,
    "wins": 2388,
    "rate": 0.7703225806451612
  },
  "Moneylender Witch": {
    "plays": 3100,
    "wins": 2093.5,
    "rate": 0.6753225806451613
  },
  "SillyAI": {
    "plays": 3100,
    "wins": 292,
    "rate": 0.09419354838709677
  },
  "Single Witch": {
    "plays": 3100,
    "wins": 2212,
    "rate": 0.7135483870967742
  },
  "First Game by michaeljb": {
    "plays": 2900,
    "wins": 1036.5,
    "rate": 0.3574137931034483
  },
  "Bureaucrat/Gardens": {
    "plays": 3100,
    "wins": 2167,
    "rate": 0.6990322580645161
  },
  "Burning Skull HTBD#1": {
    "plays": 3000,
    "wins": 2228,
    "rate": 0.7426666666666667
  },
  "Council Room/Militia": {
    "plays": 3100,
    "wins": 1308.5,
    "rate": 0.4220967741935484
  },
  "DomPlayer": {
    "plays": 3100,
    "wins": 1051.5,
    "rate": 0.33919354838709675
  },
  "Lab/Militia/Chapel": {
    "plays": 3000,
    "wins": 1886,
    "rate": 0.6286666666666667
  },
  "Festival": {
    "plays": 3100,
    "wins": 1148,
    "rate": 0.37032258064516127
  },
  "Council Room": {
    "plays": 3100,
    "wins": 1758,
    "rate": 0.5670967741935484
  },
  "Bureaucrat": {
    "plays": 3100,
    "wins": 1303.5,
    "rate": 0.4204838709677419
  },
  "Big Money Ultimate": {
    "plays": 3100,
    "wins": 1053,
    "rate": 0.3396774193548387
  },
  "WorkshopGardens": {
    "plays": 3100,
    "wins": 1574,
    "rate": 0.5077419354838709
  },
  "Basic Big Money": {
    "plays": 3100,
    "wins": 480.5,
    "rate": 0.155
  },
  "Big Money Ultimate for 3 or 4": {
    "plays": 3100,
    "wins": 715.5,
    "rate": 0.23080645161290322
  },
  "Double Moat for 3 or 4": {
    "plays": 3100,
    "wins": 842,
    "rate": 0.27161290322580645
  },
  "Laboratory": {
    "plays": 3100,
    "wins": 1363,
    "rate": 0.4396774193548387
  },
  "Militia": {
    "plays": 3100,
    "wins": 1507.5,
    "rate": 0.48629032258064514
  },
  "Moat": {
    "plays": 3100,
    "wins": 1473.5,
    "rate": 0.4753225806451613
  },
  "Smithy": {
    "plays": 3100,
    "wins": 1780,
    "rate": 0.5741935483870968
  },
  "Witch": {
    "plays": 3100,
    "wins": 2404,
    "rate": 0.775483870967742
  },
  "Witch and Moat for 3 or 4": {
    "plays": 3100,
    "wins": 1727.5,
    "rate": 0.557258064516129
  },
  "Witch for 3 or 4": {
    "plays": 3100,
    "wins": 2089.5,
    "rate": 0.6740322580645162
  },
  "StatsBot": {
    "plays": 3100,
    "wins": 2162.5,
    "rate": 0.6975806451612904}
}
