{
    "BasicAI": {
        "plays": 1280,
        "wins": 492.5,
        "rate": 0.384765625
    },
    "BigMoney": {
        "plays": 1280,
        "wins": 516,
        "rate": 0.403125
    },
    "Big Smithy": {
        "plays": 1296,
        "wins": 760.5,
        "rate": 0.5868055555555556
    },
    "BM Library": {
        "plays": 1303,
        "wins": 693.5,
        "rate": 0.532233307751343
    },
    "Chapel Witch": {
        "plays": 1306,
        "wins": 940,
        "rate": 0.7197549770290965
    },
    "Double Militia": {
        "plays": 1280,
        "wins": 657,
        "rate": 0.51328125
    },
    "Double Witch": {
        "plays": 1336,
        "wins": 1022,
        "rate": 0.7649700598802395
    },
    "Moneylender Witch": {
        "plays": 1291,
        "wins": 922.5,
        "rate": 0.7145623547637491
    },
    "SillyAI": {
        "plays": 1280,
        "wins": 176.5,
        "rate": 0.137890625
    },
    "Single Witch": {
        "plays": 1299,
        "wins": 967,
        "rate": 0.7444187836797537
    },
    "First Game by michaeljb": {
        "plays": 1220,
        "wins": 212,
        "rate": 0.1737704918032787
    },
    "Bureaucrat/Gardens": {
        "plays": 1304,
        "wins": 890.5,
        "rate": 0.682898773006135
    },
    "Burning Skull HTBD#1": {
        "plays": 1260,
        "wins": 390,
        "rate": 0.30952380952380953
    },
    "Council Room/Militia": {
        "plays": 1280,
        "wins": 587,
        "rate": 0.45859375
    },
    "DomPlayer": {
        "plays": 1280,
        "wins": 490.5,
        "rate": 0.383203125
    },
    "Lab/Militia/Chapel": {
        "plays": 1258,
        "wins": 511.5,
        "rate": 0.40659777424483307
    },
    "Festival": {
        "plays": 1280,
        "wins": 524.5,
        "rate": 0.409765625
    },
    "Council Room": {
        "plays": 1324,
        "wins": 797.5,
        "rate": 0.6023413897280967
    },
    "Bureaucrat": {
        "plays": 1280,
        "wins": 577,
        "rate": 0.45078125
    },
    "Big Money Ultimate": {
        "plays": 1280,
        "wins": 500,
        "rate": 0.390625
    },
    "WorkshopGardens": {
        "plays": 1281,
        "wins": 925,
        "rate": 0.7220921155347385
    },
    "Basic Big Money": {
        "plays": 1280,
        "wins": 230,
        "rate": 0.1796875
    },
    "Big Money Ultimate for 3 or 4": {
        "plays": 1280,
        "wins": 382,
        "rate": 0.2984375
    },
    "Double Moat for 3 or 4": {
        "plays": 1280,
        "wins": 396.5,
        "rate": 0.309765625
    },
    "Laboratory": {
        "plays": 1282,
        "wins": 581.5,
        "rate": 0.453588143525741
    },
    "Militia": {
        "plays": 1286,
        "wins": 659,
        "rate": 0.5124416796267496
    },
    "Moat": {
        "plays": 1292,
        "wins": 644.5,
        "rate": 0.4988390092879257
    },
    "Smithy": {
        "plays": 1303,
        "wins": 769.5,
        "rate": 0.5905602455871066
    },
    "Witch": {
        "plays": 1318,
        "wins": 1026,
        "rate": 0.7784522003034902
    },
    "Witch and Moat for 3 or 4": {
        "plays": 1280,
        "wins": 745,
        "rate": 0.58203125
    },
    "Witch for 3 or 4": {
        "plays": 1282,
        "wins": 899.5,
        "rate": 0.7016380655226209
    },
    "Artisan": {
        "plays": 1280,
        "wins": 413.5,
        "rate": 0.323046875
    },
    "Single Baron": {
        "plays": 1281,
        "wins": 590,
        "rate": 0.4605776736924278
    },
    "OBM Bridge": {
        "plays": 1284,
        "wins": 584,
        "rate": 0.45482866043613707
    },
    "Mining Council Militia": {
        "plays": 1280,
        "wins": 320.5,
        "rate": 0.250390625
    },
    "Courtyard": {
        "plays": 1313,
        "wins": 898,
        "rate": 0.683929931454684
    },
    "OBM Courtyard": {
        "plays": 1303,
        "wins": 890,
        "rate": 0.6830391404451266
    },
    "Duke": {
        "plays": 1280,
        "wins": 208,
        "rate": 0.1625
    },
    "StatsBot": {
        "plays": 1280,
        "wins": 820.5,
        "rate": 0.641015625
    },
    "Farm": {
        "plays": 900,
        "wins": 443.5,
        "rate": 0.49277777777777776
    },
    "Ironworks": {
        "plays": 900,
        "wins": 414.5,
        "rate": 0.46055555555555555
    },
    "Ironworks/Gardens (Paper)": {
        "plays": 900,
        "wins": 318.5,
        "rate": 0.35388888888888886
    },
    "Ironworks/Gardens (Rock)": {
        "plays": 900,
        "wins": 765.5,
        "rate": 0.8505555555555555
    },
    "Ironworks/Gardens (Scissors)": {
        "plays": 900,
        "wins": 709.5,
        "rate": 0.7883333333333333
    },
    "BM Masquerade": {
        "plays": 470,
        "wins": 247.5,
        "rate": 0.526595744680851
    },
    "Masquerade": {
        "plays": 470,
        "wins": 279,
        "rate": 0.5936170212765958
    },
    "CantripLurker": {
        "plays": 470,
        "wins": 103,
        "rate": 0.21914893617021278
    },
    "Mill": {
        "plays": 470,
        "wins": 209.5,
        "rate": 0.44574468085106383
    }
}