{
  "BasicAI": {
    "plays": 310,
    "wins": 103,
    "rate": 0.33225806451612905
  },
  "BigMoney": {
    "plays": 310,
    "wins": 120,
    "rate": 0.3870967741935484
  },
  "Big Smithy": {
    "plays": 310,
    "wins": 177,
    "rate": 0.5709677419354838
  },
  "BM Library": {
    "plays": 310,
    "wins": 179,
    "rate": 0.5774193548387097
  },
  "Chapel Witch": {
    "plays": 310,
    "wins": 230.5,
    "rate": 0.7435483870967742
  },
  "Double Militia": {
    "plays": 310,
    "wins": 158,
    "rate": 0.5096774193548387
  },
  "Double Witch": {
    "plays": 310,
    "wins": 239.5,
    "rate": 0.7725806451612903
  },
  "Moneylender Witch": {
    "plays": 310,
    "wins": 218.5,
    "rate": 0.7048387096774194
  },
  "SillyAI": {
    "plays": 310,
    "wins": 28.5,
    "rate": 0.09193548387096774
  },
  "Single Witch": {
    "plays": 310,
    "wins": 218.5,
    "rate": 0.7048387096774194
  },
  "First Game by michaeljb": {
    "plays": 290,
    "wins": 112,
    "rate": 0.38620689655172413
  },
  "Bureaucrat/Gardens": {
    "plays": 310,
    "wins": 194,
    "rate": 0.6258064516129033
  },
  "Burning Skull HTBD#1": {
    "plays": 300,
    "wins": 226.5,
    "rate": 0.755
  },
  "Council Room/Militia": {
    "plays": 310,
    "wins": 128.5,
    "rate": 0.41451612903225804
  },
  "DomPlayer": {
    "plays": 310,
    "wins": 97,
    "rate": 0.31290322580645163
  },
  "Lab/Militia/Chapel": {
    "plays": 300,
    "wins": 189,
    "rate": 0.63
  },
  "Festival": {
    "plays": 310,
    "wins": 116.5,
    "rate": 0.3758064516129032
  },
  "Council Room": {
    "plays": 310,
    "wins": 165,
    "rate": 0.532258064516129
  },
  "Bureaucrat": {
    "plays": 310,
    "wins": 135,
    "rate": 0.43548387096774194
  },
  "Big Money Ultimate": {
    "plays": 310,
    "wins": 102,
    "rate": 0.32903225806451614
  },
  "WorkshopGardens": {
    "plays": 310,
    "wins": 161,
    "rate": 0.5193548387096775
  },
  "Basic Big Money": {
    "plays": 310,
    "wins": 39,
    "rate": 0.12580645161290321
  },
  "Big Money Ultimate for 3 or 4": {
    "plays": 310,
    "wins": 85,
    "rate": 0.27419354838709675
  },
  "Double Moat for 3 or 4": {
    "plays": 310,
    "wins": 85.5,
    "rate": 0.27580645161290324
  },
  "Laboratory": {
    "plays": 310,
    "wins": 139.5,
    "rate": 0.45
  },
  "Militia": {
    "plays": 310,
    "wins": 152,
    "rate": 0.49032258064516127
  },
  "Moat": {
    "plays": 310,
    "wins": 147.5,
    "rate": 0.47580645161290325
  },
  "Smithy": {
    "plays": 310,
    "wins": 185.5,
    "rate": 0.5983870967741935
  },
  "Witch": {
    "plays": 310,
    "wins": 234,
    "rate": 0.7548387096774194
  },
  "Witch and Moat for 3 or 4": {
    "plays": 310,
    "wins": 161.5,
    "rate": 0.5209677419354839
  },
  "Witch for 3 or 4": {
    "plays": 310,
    "wins": 208,
    "rate": 0.6709677419354839
  },
  "StatsBot": {
    "plays": 310,
    "wins": 203.5,
    "rate": 0.6564516129032258
  }
}
