{
    "BasicAI": {
        "plays": 380,
        "wins": 140.5,
        "rate": 0.36973684210526314
    },
    "BigMoney": {
        "plays": 380,
        "wins": 154,
        "rate": 0.4052631578947368
    },
    "Big Smithy": {
        "plays": 396,
        "wins": 217.5,
        "rate": 0.5492424242424242
    },
    "BM Library": {
        "plays": 403,
        "wins": 204,
        "rate": 0.5062034739454094
    },
    "Chapel Witch": {
        "plays": 406,
        "wins": 288,
        "rate": 0.7093596059113301
    },
    "Double Militia": {
        "plays": 380,
        "wins": 187.5,
        "rate": 0.4934210526315789
    },
    "Double Witch": {
        "plays": 436,
        "wins": 310,
        "rate": 0.7110091743119266
    },
    "Moneylender Witch": {
        "plays": 391,
        "wins": 277.5,
        "rate": 0.7097186700767263
    },
    "SillyAI": {
        "plays": 380,
        "wins": 47.5,
        "rate": 0.125
    },
    "Single Witch": {
        "plays": 399,
        "wins": 283.5,
        "rate": 0.7105263157894737
    },
    "First Game by michaeljb": {
        "plays": 360,
        "wins": 136,
        "rate": 0.37777777777777777
    },
    "Bureaucrat/Gardens": {
        "plays": 404,
        "wins": 251.5,
        "rate": 0.6225247524752475
    },
    "Burning Skull HTBD#1": {
        "plays": 380,
        "wins": 282.5,
        "rate": 0.743421052631579
    },
    "Council Room/Militia": {
        "plays": 380,
        "wins": 173,
        "rate": 0.45526315789473687
    },
    "DomPlayer": {
        "plays": 380,
        "wins": 130.5,
        "rate": 0.34342105263157896
    },
    "Lab/Militia/Chapel": {
        "plays": 378,
        "wins": 239,
        "rate": 0.6322751322751323
    },
    "Festival": {
        "plays": 380,
        "wins": 150.5,
        "rate": 0.3960526315789474
    },
    "Council Room": {
        "plays": 424,
        "wins": 238.5,
        "rate": 0.5625
    },
    "Bureaucrat": {
        "plays": 380,
        "wins": 153,
        "rate": 0.4026315789473684
    },
    "Big Money Ultimate": {
        "plays": 380,
        "wins": 147.5,
        "rate": 0.3881578947368421
    },
    "WorkshopGardens": {
        "plays": 381,
        "wins": 190,
        "rate": 0.49868766404199477
    },
    "Basic Big Money": {
        "plays": 380,
        "wins": 66.5,
        "rate": 0.175
    },
    "Big Money Ultimate for 3 or 4": {
        "plays": 380,
        "wins": 107.5,
        "rate": 0.28289473684210525
    },
    "Double Moat for 3 or 4": {
        "plays": 380,
        "wins": 106,
        "rate": 0.2789473684210526
    },
    "Laboratory": {
        "plays": 382,
        "wins": 170.5,
        "rate": 0.4463350785340314
    },
    "Militia": {
        "plays": 386,
        "wins": 194,
        "rate": 0.5025906735751295
    },
    "Moat": {
        "plays": 392,
        "wins": 197,
        "rate": 0.5025510204081632
    },
    "Smithy": {
        "plays": 403,
        "wins": 221,
        "rate": 0.5483870967741935
    },
    "Witch": {
        "plays": 418,
        "wins": 296.5,
        "rate": 0.7093301435406698
    },
    "Witch and Moat for 3 or 4": {
        "plays": 380,
        "wins": 211.5,
        "rate": 0.5565789473684211
    },
    "Witch for 3 or 4": {
        "plays": 382,
        "wins": 271.5,
        "rate": 0.7107329842931938
    },
    "Artisan": {
        "plays": 380,
        "wins": 110.5,
        "rate": 0.29078947368421054
    },
    "Single Baron": {
        "plays": 381,
        "wins": 174.5,
        "rate": 0.458005249343832
    },
    "OBM Bridge": {
        "plays": 384,
        "wins": 175.5,
        "rate": 0.45703125
    },
    "Mining Council Militia": {
        "plays": 380,
        "wins": 78,
        "rate": 0.20526315789473684
    },
    "Courtyard": {
        "plays": 413,
        "wins": 264,
        "rate": 0.639225181598063
    },
    "OBM Courtyard": {
        "plays": 403,
        "wins": 258.5,
        "rate": 0.641439205955335
    },
    "Duke": {
        "plays": 380,
        "wins": 53,
        "rate": 0.1394736842105263
    },
    "StatsBot": {
        "plays": 380,
        "wins": 243.5,
        "rate": 0.6407894736842106
    }
}